{
  "MAE": 1.8307817424242443,
  "RMSE": 4.2590614440331285,
  "R2": 0.210404418918117
}